{'bvid': 'BV1EL4y187bq', 'title': '网红“魔改”经典歌曲，成功引起央视注意！网友：这是想红想疯了吧', 'play_count': 8734856, 'duration': '3:18', 'author': '妍妍Music', 'description': ''}
{'bvid': 'BV16p4y1b7Te', 'title': '【三无X祖娅纳惜】女驸马丨她与她的花烛前（你没听过的逆水寒X<em class="keyword">黄梅戏</em>）', 'play_count': 6961376, 'duration': '3:32', 'author': '宋潮音乐企划', 'description': '女驸马丨她与她的花烛前\n逆水寒戏曲玩法推广曲\n策划：宋潮音乐企划\n配音：白鸦此去/兔原\n演唱：【公主】祖娅纳惜/【驸马】三无Marblue\n作曲/编曲：徒有琴\n作词：狐不举\n画师：竹墨繁漪\n\n女驸马是大家都非常熟悉的戏曲故事，相信大家都会哼唱两句——为救李郎离家园，谁料皇榜中状元。\n但在那个故事里，还有一个常常被人遗忘的角色。\n金榜题名时，洞房花烛夜。\n她是才高八斗，文思泉涌的状元郎\n她是养在深宫，金枝玉叶的小公主\n若非鸳鸯错点，也该是一段美佳缘\n女驸马的故事传颂千年，故事的背后是两个不同的女孩，同样的善'}
{'bvid': 'BV1Gt4k1Q7EC', 'title': '一生爱许愿的中国人，原来连唱戏都在许愿！', 'play_count': 5025944, 'duration': '3:26', 'author': '微粒贷', 'description': '多位年轻戏曲演员登台开唱，6大戏种汇聚一堂，唱出心愿戏曲大赏！\n天长日久，时光流转，惟愿天下所有心愿，都能如愿。\n你的心愿是什么呢？快来告诉粒粒吧！ #戏曲是中国人自己的心愿墙#'}
{'bvid': 'BV13W411B7LT', 'title': '<em class="keyword">黄梅戏</em>《女驸马》选段 为救李郎离家园 韩再芬', 'play_count': 4997856, 'duration': '3:42', 'author': '孤云出岫ヽ', 'description': 'https://www.youtube.com/watch?v=1yS2Cjw_PMY \n作品类型: 官方现场\n作品语种: 汉语\n歌手: 韩再芬\n曲名: 《女驸马》\n简介补充: 欢迎喜欢戏曲的各位同好加入B站戏曲爱好交流群，QQ群号码：187989814'}
{'bvid': 'BV1H7411k7dm', 'title': '【周深】开嗓唱<em class="keyword">黄梅戏</em>，一曲《女驸马》惊呆众人！', 'play_count': 4914241, 'duration': '0:42', 'author': '周深资讯站', 'description': '时间：20200125'}
{'bvid': 'BV1KD4y1X79q', 'title': '【高清版】青回了！许嵩&amp;朱婷婷《如果当时2020》', 'play_count': 4877431, 'duration': '7:13', 'author': '新华社', 'description': '婉转一声黄梅调，从田园旷野走来，在嗓间慢慢流淌，唱至真至淳的世间百态，咏至情至性的不朽爱情！11月15日，新华社“声在中国”推出系列非遗音乐微纪录片《不曾遗忘的符号》第六集《皖若之初见》。看黄梅戏青年演员朱婷婷与唱作人许嵩为你带来不一样的《如果当时2020》。'}
{'bvid': 'BV1yt4y177tt', 'title': '妈妈说的没错 《<em class="keyword">黄梅戏</em>》蒸的不好唱', 'play_count': 4642292, 'duration': '3:45', 'author': '浅影阿_', 'description': '作品：《黄梅戏》\n原唱：原唱：慕容晓晓\n作词：田一龙/何欣\n作曲：田一龙/何欣\nps:音频是分开录的，因为这样可以收到好的音质，也方便做视频；选择在教室是在校生确实没地儿好拍视频，都是等大家不在的时候找空教室拍（不会影响到大家~）\n\n\xa0各位同学大家中午好呀！浅浅子终于回学校啦！今天带来的是这首慕容晓晓的《黄梅戏》完整版，对没错！相信很多小伙伴都在去年听过我唱这首歌的一个片段（链接指路：BV1Wh411J7xi），一直没有唱完整的也是因为这首歌真的很难唱，怕自己唱的不够专业；但这段时间一直有小伙伴私信我说想'}
{'bvid': 'BV1nL411t7Xr', 'title': '两版改编<em class="keyword">黄梅戏</em>对比 小潘潘VS慕容晓晓', 'play_count': 3820187, 'duration': '3:54', 'author': '-再向人间陌路逢', 'description': '希望所有的改编都能够尊重原作 尤其是戏曲改编.'}
{'bvid': 'BV1Hq4y1P7e4', 'title': '《<em class="keyword">黄梅戏</em>》说到做到，大家要的完整版来了！', 'play_count': 3621162, 'duration': '8:48', 'author': '咻咻满', 'description': '原唱：慕容晓晓\n翻唱：咻咻满\nBGM：韩再芬 黄梅戏-《女驸马》\nps：直录无修音版'}
{'bvid': 'BV1oq4y1N7ug', 'title': '网红想火想疯了？魔改中国非遗“<em class="keyword">黄梅戏</em>”，惨遭央视发文“怒”批', 'play_count': 3594020, 'duration': '4:29', 'author': '下饭音乐', 'description': '要说现在刷手机，新歌没几首，老歌倒是不断被 魔改翻唱~甚至为了流量，网红们跟风拍摄 根本不管歌曲内容~今天饭饭 就带来的几首 被网红玩“变味”的歌，坚持听完的 可都是我的死忠粉呐'}
{'bvid': 'BV1gq4y1P7Je', 'title': '一场<em class="keyword">黄梅戏</em>炸出多少毒瘤粉丝？', 'play_count': 3032463, 'duration': '8:27', 'author': '不正经老丝', 'description': ''}
{'bvid': 'BV1gL4y187Us', 'title': '盘点那些被网红小潘潘毁掉的经典歌曲', 'play_count': 2916821, 'duration': '4:13', 'author': '蛋疼母鸡', 'description': '她的翻唱，把我给整不会了'}
{'bvid': 'BV1aH4y1f79B', 'title': '冷嗖嗖的下雨天，清唱一首<em class="keyword">黄梅戏</em>~', 'play_count': 2657171, 'duration': '3:35', 'author': '-书琳', 'description': '-'}
{'bvid': 'BV1ex411B7Zu', 'title': '慕容晓晓-<em class="keyword">黄梅戏</em>', 'play_count': 2609852, 'duration': '3:41', 'author': '杨晓星', 'description': '慕容晓晓音乐欣赏黄梅戏'}
{'bvid': 'BV1K44y1b7zC', 'title': '当网红小潘潘唱歌没有背景音乐会发生什么', 'play_count': 2475575, 'duration': '2:6', 'author': '蛋疼母鸡', 'description': '视频内容使用了au 水果等调音软件，对音源进行了深度调音，希望不要以低创误伤，十分感谢'}
{'bvid': 'BV15f4y1E7CF', 'title': '为救李郎离家园', 'play_count': 2415581, 'duration': '1:22', 'author': '爱唱戏的塔塔陈', 'description': '-'}
{'bvid': 'BV1PR4y1u71z', 'title': '神女劈观 <em class="keyword">黄梅戏</em>版《关于大家那么能卷，我实在不知道该怎么卷翻唱这件事》', 'play_count': 2340128, 'duration': '3:30', 'author': '卿思颖颖', 'description': '本家：BV1kS4y1T7kK\r\n原曲：原神《神女劈观·唤情》\r\n原唱：杨扬\n作曲：陈致逸\n作词：豆子\r\n翻唱：卿思颖颖'}
{'bvid': 'BV1ZP4y1h7aF', 'title': '为  救  李  郎  离  家  园', 'play_count': 2314854, 'duration': '3:47', 'author': '雨落随风吹丶', 'description': 'BGM：黄梅戏——慕容晓晓\n往期视频：\nBV1qb4y1279b\nBV1Hh411s7XA\nBV13L411t7DH'}
{'bvid': 'BV1QL411x7yQ', 'title': '想红想疯了？网红魔改<em class="keyword">黄梅戏</em>遭央视怒批，赵丽蓉20年前的话句句见血', 'play_count': 2265941, 'duration': '6:40', 'author': '我太想进步喇', 'description': '想红想疯了？网红魔改黄梅戏遭央视怒批，赵丽蓉20年前的话句句见血'}
{'bvid': 'BV1iq4y1D7zo', 'title': '《<em class="keyword">黄梅戏</em>》“我的公子又在何方。”【王小帅】', 'play_count': 2222446, 'duration': '2:11', 'author': '王小帅xs', 'description': '《黄梅戏》“我的公子又在何方。”【王小帅】'}
{'bvid': 'BV1bf4y1n73P', 'title': '这样的《<em class="keyword">黄梅戏</em>》，你们爱听吗？', 'play_count': 2115757, 'duration': '0:42', 'author': '咻咻满', 'description': '原唱：慕容晓晓\n翻唱：咻咻满'}
{'bvid': 'BV13f4y1A7U5', 'title': '<em class="keyword">黄梅戏</em>丑闻未平，小潘潘又顶风祸害西游记？央视发声高下立现', 'play_count': 1992194, 'duration': '4:42', 'author': '西柚娱事', 'description': '黄梅戏丑闻未平，小潘潘又顶风祸害西游记？央视发声高下立现'}
{'bvid': 'BV1xQ4y1k7jB', 'title': '小潘潘的《<em class="keyword">黄梅戏</em>》到底错在了哪？', 'play_count': 1927665, 'duration': '6:21', 'author': '泡芙喵-PuFF', 'description': '以上内容为个人意见和看法 不喜勿喷'}
{'bvid': 'BV1qq4y1P7Zm', 'title': '<em class="keyword">黄梅戏</em>真的没那么好唱？小潘潘魔改翻唱被吐槽，听听外国人唱的都比她好听', 'play_count': 1787830, 'duration': '2:33', 'author': '智慧要嗨皮吖', 'description': ''}
{'bvid': 'BV19h411S7GS', 'title': '【女驸马】好妹妹唱<em class="keyword">黄梅戏</em>疼哥哥', 'play_count': 1734910, 'duration': '1:39', 'author': '别人家的大杨杨', 'description': '好哥哥一边带着妹妹兜风，一边给妹妹吃棒棒糖，两人一起渡过了非常甜蜜的一天，但甜蜜时光总是短暂的，妹妹脑海中浮现出了哥哥的那位女朋友，感慨之余不禁唱了起来~~~\n\n划线参考：夜游之夜魔《谁料提拔总钻风》\n视频素材：正义的鸭蛋超人\n视频制作&amp;调音：我'}
{'bvid': 'BV1Uf4y1F756', 'title': '没对比就没伤害！当网红与<em class="keyword">黄梅戏</em>大神同唱《女驸马》，太碾压了！', 'play_count': 1733382, 'duration': '3:48', 'author': '喵喵音乐台', 'description': '没对比就没伤害！当网红与黄梅戏大神同唱《女驸马》，太碾压了！'}
{'bvid': 'BV1Lq4y1B7eU', 'title': '主人，狗狗给您唱段<em class="keyword">黄梅戏</em>！', 'play_count': 1698309, 'duration': '0:39', 'author': '比格犬受害者联盟本盟', 'description': '本视频为读者来稿，授权@比格犬受害者联盟 发布，版权本身归原作者所有。未经原作者允许，请勿二改二传。\n『这个世界远远比你能想到的更残酷』'}
{'bvid': 'BV1KR4y1n7TF', 'title': '小潘潘脱离经纪公司后，风格回归正常，离开资本流量却直线下滑！', 'play_count': 1581992, 'duration': '2:3', 'author': 'music你我他', 'description': '小潘潘脱离经纪公司后，风格回归正常，离开资本流量却直线下滑！'}
{'bvid': 'BV1fP4y1h7Nw', 'title': '戒 涩 模 拟 器', 'play_count': 1423797, 'duration': '13:11', 'author': '风中少年戴小飞', 'description': '请不要将自己的喜好强加进现实里的他人之上。\n（视频来源于网络 仅娱乐吐槽内容 切勿上升攻击视频内的真人）\n《擦边球大赏》\n会盘点一些很迷惑的媚男媚女视频以及麦麸的和“物化”他/她人等的视频进行吐槽 那难免会让有一些人觉得被冒犯到，所以还是要强调一下本人只针对视频内容进行吐槽和闲聊，请勿扣字眼上升到道德与不尊重一个群体的层面上去，谢谢。'}
{'bvid': 'BV1Dq4y1P72q', 'title': '【慕容晓晓】B站我来啦！《<em class="keyword">黄梅戏</em>》《爱情买卖》 谢谢大家喜欢，首首都是“爷青回”新人来报道', 'play_count': 1421111, 'duration': '1:40', 'author': '慕容晓晓', 'description': '大家好！我是慕容晓晓   很感谢大家喜欢我的歌曲~新人来报道~\n\n小伙伴们 今后想看什么内容也可以视频底下留言给我，我们一起努力！\n\n哔哩哔哩干杯！记得给我个一键三连哦！'}
{'bvid': 'BV1Zf4y1w7fA', 'title': '【<em class="keyword">黄梅戏</em>】当京剧生第一次尝试<em class="keyword">黄梅戏</em>《女驸马》，这算翻车吗？', 'play_count': 1343800, 'duration': '2:12', 'author': '边靖婷', 'description': '大家点的黄梅戏《女驸马》，真的是隔行如隔山，唱出来还是有京剧味儿，第一次尝试录黄梅戏，求轻喷，视频内容没有任何恶搞的含义，认认真真和老师的教学视频学的QAQ这次就不求三连了，毕竟也只是一种尝试'}
{'bvid': 'BV1wU4y1A7i4', 'title': '小潘潘网红成长史，你还记得曾经那个勤勤恳恳唱歌的可爱小姑娘吗？', 'play_count': 1324578, 'duration': '4:55', 'author': '小轩的宝藏音乐', 'description': '现在骂他最凶的那群人，曾经是最崇拜她的粉丝啊'}
{'bvid': 'BV1v7411T798', 'title': '【戏曲】<em class="keyword">黄梅戏</em>合集（全剧）', 'play_count': 1257709, 'duration': '3343:53', 'author': '给为师吹个快落滴', 'description': '《金玉奴》（《棒打薄情郎》）何云 周珊\n《双下山》余顺 王娟\n《双玉蝉》李雯\n《血狐帕》韩再芬\n《柳玉娘》\n《血衣仇》\n《长生梦》王红\n《踏青》 严凤英\n《窦娥冤》周源源\n《称妈》\n《错配婚缘》\n《错配婚缘》\n《九斤姑娘》\n《苦女冤》\n《莲花庵》\n《七世夫妻》\n《三请樊梨花》袁媛 \n《神算记》\n《寿堂风波》\n《双龙配双凤》袁媛\n《苏小妹》\n《贪官计》\n《天之娇女》\n《桐花泪》\n《王金豆借粮》\n《戏牡丹》《打猪草》《春香闹学》\n《厢房逼妻》\n《孝顺媳妇》\n《寻儿记》\n《杨乃武与小白菜》\n《云楼会》'}
{'bvid': 'BV1QU4y1c7i6', 'title': '网红小潘潘终于道歉了，一本正经的重唱<em class="keyword">黄梅戏</em>，网友：求生欲强大', 'play_count': 1182258, 'duration': '2:5', 'author': '音悦糖', 'description': ''}
{'bvid': 'BV1Uo4y197ZG', 'title': '抗战时期用传统戏曲劝降山本的珍贵视频', 'play_count': 1180759, 'duration': '1:41', 'author': 'AT-15A', 'description': '使用360p食用效果最佳。\n原曲黄梅戏《谁料皇榜中状元》\n画线参考：BV1rE411t7Qv 夜游之夜魔佬的戏腔简直无敌。'}
{'bvid': 'BV1sq4y1f7oy', 'title': '网红小潘潘翻唱《<em class="keyword">黄梅戏</em>》引争议，“六公主”放原版内涵：这才是<em class="keyword">黄梅戏</em>', 'play_count': 1146167, 'duration': '2:16', 'author': '妍妍Music', 'description': ''}
{'bvid': 'BV1gb4y1t75u', 'title': '网红为了火啥梗都敢用？“缅甸北部”是啥地方，他们也敢拿来变装', 'play_count': 1086018, 'duration': '3:24', 'author': '音乐Fans小琼', 'description': '大家还记得这段bgm吗？去年被网红一套连招疯狂翻拍以后，也不知道让多少姑娘上了头，对缅甸北部充满了向往，警察现身说法都挡不住这热潮。\n儿童音乐《The no no square》\n小潘潘《黄梅戏》'}
{'bvid': 'BV1iy4y1z7w1', 'title': '【官方完整版】许嵩《如果当时2020》，6分40秒 一开口，直接泪目', 'play_count': 1064593, 'duration': '18:28', 'author': '网易云音乐', 'description': '网易云音乐非遗音乐纪录节目《不曾遗忘的符号》EP06收官之作，唱作人许嵩再回故土安徽，与黄梅戏青年演员朱婷婷合作《如果当时2020》，加入了《天仙配》选段，戏腔婉转，回忆瓢泼，让经典重获生机，一起来赏经典新声！'}
{'bvid': 'BV1HQ4y1k7L1', 'title': '网红魔改《<em class="keyword">黄梅戏</em>》，成功引起官媒注意，“六公主”气到放原版！', 'play_count': 1061505, 'duration': '3:28', 'author': '音乐Wu哥', 'description': '现在的短视频网红，真是啥都敢干'}
{'bvid': 'BV1Wh411J7xi', 'title': '教室翻唱《<em class="keyword">黄梅戏</em>》', 'play_count': 1049192, 'duration': '0:24', 'author': '浅影阿_', 'description': '失踪人口回归'}
{'bvid': 'BV1Rf4y1A7sn', 'title': '《<em class="keyword">黄梅戏</em>》还能这么唱？清纯女大学生，教室内大神级翻唱', 'play_count': 1022824, 'duration': '4:49', 'author': '蘑菇头音乐', 'description': '《黄梅戏》还能这么唱？清纯女大学生，教室内大神级翻唱'}
{'bvid': 'BV1Jq4y1Z7du', 'title': '假如唱《<em class="keyword">黄梅戏</em>》有段位，青铜招人惨骂，王者一开口瞬间碾压', 'play_count': 1001426, 'duration': '2:57', 'author': '无尽音乐', 'description': '假如唱《黄梅戏》有段位，青铜招人惨骂，王者一开口瞬间碾压'}
{'bvid': 'BV1du41177mr', 'title': '小丑熊：哎呀哎呀 打的好！', 'play_count': 988678, 'duration': '16:44', 'author': '阿泽u稻草人', 'description': ''}
{'bvid': 'BV1WK4y1m7dp', 'title': '安 徽 人', 'play_count': 945090, 'duration': '1:43', 'author': '潮汕好男人', 'description': ''}
{'bvid': 'BV1yP4y1h79P', 'title': '谢谢你，狗子', 'play_count': 944912, 'duration': '0:21', 'author': '鄙人柳贯一', 'description': '本视频仅供娱乐，不涉及人身攻击。如感不适，删'}
{'bvid': 'BV1BT4y1R7Bg', 'title': '【慕容晓晓】是你要的《<em class="keyword">黄梅戏</em>》吗？欢迎小伙伴来二创、翻唱挑战！快来和我一起唱吧！', 'play_count': 929596, 'duration': '2:45', 'author': '慕容晓晓', 'description': 'B站的小伙伴们！看到你们的留言和弹幕很感动也很有趣，话不多说 上 才 艺 ！！！\n快来和我一起唱吧！欢迎小伙伴二创和翻唱挑战呀！\n\n\n你们还想听什么歌曲可以在弹幕区和评论留言给我，记得给我个一键三连哦~\n\n\xa0\xa0\xa0ヽ(✿ﾟ▽ﾟ)ノ二次元的也不是不行！！！ 23333333'}
{'bvid': 'BV1vs411S7Fb', 'title': '【<em class="keyword">黄梅戏</em>】《孟姜女》 1986 杨俊 张辉 中国老电影', 'play_count': 920265, 'duration': '92:0', 'author': 'lynss4', 'description': 'youku 黄梅戏电影《孟姜女》，经典唱段《十二月调》和《哭城》，黄梅戏五朵金花之一杨俊主演，唱腔柔中带刚，扮相炒美！'}
{'bvid': 'BV1ns411y7ab', 'title': '<em class="keyword">黄梅戏</em>《女驸马》全剧 名家韩再芬', 'play_count': 887666, 'duration': '112:52', 'author': '韩家的小安', 'description': '黄梅戏，旧称黄梅调或采茶戏，与京剧、越剧、评剧 、豫剧并称中国五大剧种。黄梅戏唱腔淳朴流畅，以明快抒情见长，具有丰富的表现力；黄梅戏的表演质朴细致，以真实活泼著称。一曲《天仙配》让黄梅戏流行于大江南北，在海外亦有较高声誉。\r\n《女驸马》黄梅戏经典大戏。'}
{'bvid': 'BV19k4y1d7CR', 'title': '【高能慎入】周深&amp;毛不易&lt;大型斗歌现场&gt;（1-3弹）', 'play_count': 871481, 'duration': '81:30', 'author': '猜猜无敌', 'description': '最炫民族风 走天涯 千年等一回 小芳 女驸马 送情郎 伤不起 爱情买卖 依兰爱情故事 绝世呵呵呵 大王叫我来巡山 土鸡蛋 魔鬼中的天使 家在东北 好花红 贤良 好运来 一剪梅 铁血丹心 敢问路在何方 痒 无问 新贵妃醉酒 套马杆 美酒加咖啡 路边的野花不要采 toxic 天涯歌女 我要你 回娘家 快乐崇拜 骑士精神 如果有一天我变得很有钱 本草纲目sex bomb s&amp;m东南西北风 忐忑 月亮之上 哎呦 姐姐rolling in the deep感觉自己是巨星 自由飞翔 梅香如故……'}
{'bvid': 'BV1TC4y1t7J7', 'title': '<em class="keyword">黄梅戏</em>《女驸马》新唱太好听了，吴琼不愧为黄梅五朵金花歌后！', 'play_count': 841646, 'duration': '3:7', 'author': '戏曲大看台', 'description': '黄梅戏《女驸马》新唱太好听了，吴琼不愧为黄梅五朵金花歌后！'}
{'bvid': 'BV1qy4y1V7qU', 'title': '⚡黄   瓜   戏 （梅）⚡', 'play_count': 831397, 'duration': '3:20', 'author': '三顧茅房', 'description': '|￣￣?￣|\n|＼⌒⌒⌒∩\xa0⌒\xa0＼\n\\\u3000\\\xa0⌒\xa0\xa0⌒⌒＼\xa0\xa0\xa0\n\xa0\xa0\\\xa0\xa0\xa0｜⌒⌒⌒⌒⌒⌒|\n艺术可以接地府，但请不要接地气\n艺术可以有鬼魂，但是不能有灵魂\n艺术可以有灵异，但是不能有灵气\n艺术是送走观众，但不是送给观众\n艺术是来源灵堂，但不是来源灵感\n艺术可以是邪门，但是请不要冷门'}
{'bvid': 'BV1Er4y1175m', 'title': '《<em class="keyword">黄梅戏</em>》 复读鸭翻唱', 'play_count': 828062, 'duration': '0:59', 'author': '杨梅侠', 'description': '-'}
{'bvid': 'BV1Zi4y1K7Nz', 'title': '【必听】梁祝七大超好听片段｜<em class="keyword">黄梅戏</em>yyds｜｜“从此不敢看观音”', 'play_count': 802803, 'duration': '14:22', 'author': '五枝丶', 'description': '-'}
{'bvid': 'BV16M4Q1X7DJ', 'title': '斓曦一穿上水袖就有肌肉记忆，眉姐姐的<em class="keyword">黄梅戏</em>功底果然名不虚传', 'play_count': 795279, 'duration': '0:38', 'author': '山东卫视', 'description': ''}
{'bvid': 'BV1cL4y1h7hT', 'title': '【小潘潘】<em class="keyword">黄梅戏</em>能这样唱么？网红想红想疯了吧！！', 'play_count': 777287, 'duration': '3:17', 'author': '四夕昵昵', 'description': '-'}
{'bvid': 'BV1jK411j7ru', 'title': '1987年红楼梦文艺晚会（紅樓藝伶大匯演）高清完整版', 'play_count': 753965, 'duration': '164:27', 'author': '小蕾M南昌', 'description': '晚会大约演到1小时40分前后，后面是个香港红楼梦知识竞赛我没剪掉。全程高能，精彩纷呈，最惊讶是居然唱了粤剧黛玉焚稿，以前看还没入坑粤剧。'}
{'bvid': 'BV1Ya4y1477f', 'title': '黄梅调电影《梁祝》唱段 | 我从此不敢看观音 好听到爆', 'play_count': 750029, 'duration': '0:55', 'author': '筠儿_', 'description': '优酷'}
{'bvid': 'BV11Y4y1k7k3', 'title': '排到了<em class="keyword">黄梅戏</em>瑞文+冰皇小飞，感受魔龙的核弹吧！', 'play_count': 745654, 'duration': '4:3', 'author': '打野茶茶', 'description': '很感谢大家的三连，充电等等等等\n其实作为一个up，直播了一年，攒了一点儿工资，治疗妹妹是没问题的。\n但是坏就坏在，我特么...买了一年的基金，这个疫情懂得都懂，亏炸了不说，还取不出来....\n这一段时间手术费，住院费，氧气机等等开销还是很大的\n大家能不白嫖，来点三连，我就很开心啦。\n有个事说一些，我有一点儿初中生粉丝，加了v要给我转账治猫，千万别这样哦\n我也是学生过来的，口袋的钱留着自己花，买买书，挺好的。\n谢谢大家对妹妹的关心，我看她都是当女儿看的，会全力治疗的'}
{'bvid': 'BV1GY411m7SZ', 'title': '执笔描摹之美，妆点人心所愿。', 'play_count': 742135, 'duration': '1:37', 'author': '柳夜熙', 'description': '-'}
{'bvid': 'BV1e44y1W7Zw', 'title': '我赌你找不出比这个视频还卷的～【<em class="keyword">黄梅戏</em>+京剧 +cos自唱跳】 因为国家队老师实在太卷了，我就来了个双版本给大家献丑了《神女劈观》', 'play_count': 740374, 'duration': '2:38', 'author': '泡芙喵-PuFF', 'description': '本家：BV1kS4y1T7kK\n原曲：原神《神女劈观·唤情》\n录制：小可儿\n混音：小可儿\n京剧指导：高鑫\n翻唱：泡芙喵\n舞蹈：泡芙喵\ncos：泡芙喵\n\nhihi 我终于赶在大年最后一天交作业了\n可能很多人进来会懵\n啥是黄梅戏+京剧版本呀\n我本来是想做个京剧版本的\n后来大家都希望我能出个黄梅戏版本（我的专业是黄梅戏）\n然后我就给结合了一下\n前1:49为黄梅戏版本\n后面为京剧（京歌）版本\n结果听完没啥违和感hhhh\n拍摄的话最早的想法就是1比1还原pv\n所以找了个戏台景由我cos出镜有云堇的地方，后来录着录着'}
{'bvid': 'BV1HX4y1G7wj', 'title': '国家队出手支援！保护传统文化刻不容缓！', 'play_count': 733309, 'duration': '2:17', 'author': '网易逆水寒', 'description': '黄梅戏：《天仙配》\n董永扮演者：蒋建国，国家一级演员，中国戏剧“梅花奖”获得者\n七仙女扮演者：吴亚玲，国家一级演员，黄梅戏“五朵金花”之一，中国戏剧“梅花奖”获得者\n\n中国文化被疯狂偷窃的当下，保护和传承传统文化刻不容缓，《逆水寒》从未忘记作为国民游戏的责任！\n【梨韵阁】玩法第二次大更新，邀请安徽省黄梅戏剧院院长蒋建国先生和吴亚玲女士，通过好莱坞级别的动捕技术和超高规格音频制作技术，请经典黄梅戏《天仙配》和《女驸马》还原到游戏中。\n享受最正宗本真的国粹戏曲文化的同时，还能免费获得同款黄梅戏时装！'}
{'bvid': 'BV1tL4y187JW', 'title': '？！京剧系萌妹竟倒立演唱《<em class="keyword">黄梅戏</em>》【8w粉福】唱戏真的不容易啊', 'play_count': 710306, 'duration': '0:50', 'author': 'ya妖精-朱鹮', 'description': '原唱:慕容晓晓\n\n拿鼎是戏曲毯子功入门技巧，有一定危险系数，一个人在家就别模仿辽！~qwq整活视频大家看一热闹！我是京剧系的，黄梅戏唱不好！手机k歌直接收音，音质也差，底噪还大！总之感谢大家的喜欢，因为大家对看我“倒拔垂杨柳”的期待嗯所以决定录这个视频，哈哈希望大家开心的观看！别当音乐视频当在看我健身好了哈哈哈哈哈（PS:直播的时候还尝试倒立唱了红娘）真的挺累的阿巴阿巴qwq'}
{'bvid': 'BV1Vh41117KV', 'title': '《<em class="keyword">黄梅戏</em>•女驸马选段》', 'play_count': 706401, 'duration': '1:17', 'author': '卿思颖颖', 'description': '新娘和她的美女同学，共同来了一首：女驸马（黄梅戏）太好听了  https://v.douyin.com/JcTDs21/ 椱制此链接，达开Dou䜾搜索，直接观看视频！\n祝大姐新婚快乐！！！'}
{'bvid': 'BV1zQ4y1y7gx', 'title': '和吴琼老师的合唱', 'play_count': 703815, 'duration': '0:25', 'author': '卿思颖颖', 'description': '-'}
{'bvid': 'BV133411x713', 'title': '慕容晓晓唱<em class="keyword">黄梅戏</em>《女驸马》,永不过时的曲坛经典，太好听了！', 'play_count': 703187, 'duration': '3:45', 'author': '扬帆爱加速器', 'description': '慕容晓晓唱黄梅戏《女驸马》,永不过时的曲坛经典，太好听了！'}
{'bvid': 'BV1Nq4y1f7kc', 'title': '假如“<em class="keyword">黄梅戏</em>”有段位，青铜实在难听，王者一开口耳朵就舒服了！', 'play_count': 699587, 'duration': '2:22', 'author': 'music你我他', 'description': '假如“黄梅戏”有段位，青铜实在难听，王者一开口耳朵就舒服了！'}
{'bvid': 'BV1uT411275N', 'title': '震惊：<em class="keyword">黄梅戏</em>表演变背景板，春晚可真有你的！！！', 'play_count': 686742, 'duration': '0:45', 'author': '我要一抹光', 'description': '-'}
{'bvid': 'BV1jt411u7hP', 'title': '【<em class="keyword">黄梅戏</em>】《天仙配》片断· 树上的鸟儿成双对', 'play_count': 670305, 'duration': '2:12', 'author': 'Irenebene', 'description': 'https://www.youtube.com/watch?v=sSVOhnLE1YY'}
{'bvid': 'BV16L411s7AT', 'title': '小潘潘网红成长史，一手好牌被打得稀巴烂，直到如今被央视批评！', 'play_count': 659139, 'duration': '2:22', 'author': 'music你我他', 'description': '小潘潘网红成长史，一手好牌被打得稀巴烂，直到如今被央视批评！'}
{'bvid': 'BV1js4C1L7hB', 'title': '我用了<em class="keyword">黄梅戏</em>的背景音乐。', 'play_count': 649901, 'duration': '1:18', 'author': 'China神龙', 'description': '-'}
{'bvid': 'BV1Gr4y1Q7Q5', 'title': '国粹是让“女生宿舍”玩明白了，官媒连连称赞，小潘潘进来挨打！', 'play_count': 646161, 'duration': '3:14', 'author': '下饭音乐', 'description': '最近上戏五位00后女生，就凭借京剧生的专业特长，用不同的角色唱腔 重新演绎歌曲，一时间火爆网络，获赞千万'}
{'bvid': 'BV1u3411m73k', 'title': '为救李郎离家园', 'play_count': 644132, 'duration': '1:59', 'author': '吨吨吨同学', 'description': '记得看2p'}
{'bvid': 'BV1oL4y1t7M4', 'title': '有多少人因为这两首歌喜欢上了戏曲？第一声就破防了！', 'play_count': 631371, 'duration': '6:37', 'author': '酷狗音乐', 'description': '酷狗\n\t谢津的《说唱脸谱》和慕容晓晓的《黄梅戏》应该是传统戏曲和流行结合的典范了！有多少人因为这两首歌入坑戏曲和戏腔呢？传统戏曲又该在新时代如何发展？引用《说唱脸谱》里的歌词来回答吧：就算是山珍海味老吃也会烦，艺术与时代不能离太远，要创新要发展，哇呀呀呀，让那老的少的男的女的大家都爱看，民族遗产一代一代往下传。'}
{'bvid': 'BV1LZ4y1w7eC', 'title': '【馒小蛮同学】<em class="keyword">黄梅戏</em>清唱', 'play_count': 630434, 'duration': '0:37', 'author': '馒小蛮同學', 'description': '璇导下次要拍我说一声，我拿两根结实点的皮筋？'}
{'bvid': 'BV1i64y1r7QT', 'title': '蜜雪冰城甜蜜蜜（<em class="keyword">黄梅戏</em>版）', 'play_count': 600868, 'duration': '1:38', 'author': '尹梦昔', 'description': '……'}
{'bvid': 'BV1QE411u7GW', 'title': '【戏曲|京剧/豫剧/秦腔/河北梆子/川剧/评剧/<em class="keyword">黄梅戏</em>/越剧/粤剧】高燃知名唱段大合集，让你一次听个够！', 'play_count': 600529, 'duration': '199:56', 'author': '椰椰耶啵哒', 'description': '求三连，求转发，求补充推荐哦~'}
{'bvid': 'BV1eP4y1h7p1', 'title': '求求你别来嚯嚯《<em class="keyword">黄梅戏</em>》了！好好唱《学猫叫》不香吗？', 'play_count': 600104, 'duration': '5:34', 'author': '唯一音乐小魔王', 'description': '被央视内涵后，潘子“痛定思痛”\n为大家带来了船新版本，你看你不是会好好唱歌么'}
{'bvid': 'BV19M4y1g7m7', 'title': '小潘潘再唱“<em class="keyword">黄梅戏</em>”？短短一天获赞90万，网友：这次不尴尬了', 'play_count': 570574, 'duration': '2:41', 'author': '油条Music', 'description': '小潘潘再唱“黄梅戏”？短短一天获赞90万，网友：这次不尴尬了'}
{'bvid': 'BV1FR4y1p7vW', 'title': '给你们露两手，《<em class="keyword">黄梅戏</em>》，整上！', 'play_count': 566737, 'duration': '1:50', 'author': '曹姨吉祥如意', 'description': ''}
{'bvid': 'BV18h411q7n1', 'title': '我毕竟是一个<em class="keyword">黄梅戏</em>up主，不发点<em class="keyword">黄梅戏</em>就过不去了', 'play_count': 564179, 'duration': '6:17', 'author': '卿思颖颖', 'description': '-'}
{'bvid': 'BV1Xv411h7s9', 'title': '韩再芬王珮瑜献唱《武家坡》选段，京剧搭上<em class="keyword">黄梅戏</em>，这开嗓绝了', 'play_count': 554660, 'duration': '3:14', 'author': '安徽台海豚剧乐部', 'description': '韩再芬王珮瑜献唱《武家坡》选段，京剧搭上黄梅戏，这开嗓绝了'}
{'bvid': 'BV1vR4y1H7hC', 'title': '破坏经典！网红小潘潘“魔改”《<em class="keyword">黄梅戏</em>》后又祸害西游记，太没底线了', 'play_count': 553569, 'duration': '3:39', 'author': '妍妍Music', 'description': ''}
{'bvid': 'BV19R4y1s7so', 'title': '我 还 会 黄 梅 戏 是 吧', 'play_count': 547652, 'duration': '1:29', 'author': '一夕Clarence', 'description': '混音@暂离二度 '}
{'bvid': 'BV1Bf4y167tx', 'title': '“我从此不敢看观音”', 'play_count': 545570, 'duration': '1:1', 'author': '忽逢幽人', 'description': '网页\n&quot;因何不敢?”\n“我问心有愧。做文章不专心，一心想那女钗裙。可惜前程纵似锦,心事不敢见光明。英台啊，我不爱前程爱观音。&quot;'}
{'bvid': 'BV1Zp4y1k733', 'title': '【新歌首发】许嵩&amp;朱婷婷《如果当时2020》歌词版MV', 'play_count': 544288, 'duration': '5:9', 'author': '追獴者', 'description': '《如果当时2020》已在网易云音乐上线！\n作词：许嵩 作曲：许嵩 制作人：许嵩 演唱：许嵩、朱婷婷\n试听地址：分享许嵩/朱婷婷的单曲《如果当时2020》:\xa0https://y.music.163.com/m/song/1488737309/?userid=36435336&amp;app_version=7.3.28\xa0(来自@网易云音乐)'}
{'bvid': 'BV1uX4y1V7Nj', 'title': '唱两句《女驸马》', 'play_count': 542112, 'duration': '0:41', 'author': '冰漪cdddd', 'description': '微博@辣眼睛先生'}
{'bvid': 'BV1xK4y1J7U2', 'title': '<em class="keyword">黄梅戏</em>合集', 'play_count': 536775, 'duration': '14054:11', 'author': 'byear_白夜', 'description': '黄梅戏\r\n搬自pt站'}
{'bvid': 'BV1eu411f7YP', 'title': '进来洗耳朵！安徽up听了某网红《<em class="keyword">黄梅戏</em>》坐不住了！这才是这首歌该有的样子', 'play_count': 522421, 'duration': '4:52', 'author': '凡仔_IAA', 'description': '偶然在群里听到那位网红的《黄梅戏》，emo了。\n为啥俺们这样好好唱歌的没人听，内样子唱歌家喻户晓，网络世界不理解了。\n身为皖北人，虽然黄梅戏起源跟我们关系不大，但是逢年过节各种演出，都有漂亮姐妹们表演黄梅戏。\n女驸马确实是从小听到大，可谓是经典中的经典。\n改编不是乱编，戏说不是...\n\n麦克风：北京797 M5（视频中麦克风仅为摆拍） ；声卡：雅马哈UR242 ；录混音：Cubase5，耳机：铁三角M50x\n微博/B站：凡仔_IAA，网易云/Q音/酷狗：凡仔，Youtube：凡仔Fanzai'}
{'bvid': 'BV1Vr4y1k7bY', 'title': '2021再次刷屏的经典歌曲，时尚不过一个轮回', 'play_count': 522419, 'duration': '2:50', 'author': '音乐老鸭煲', 'description': ''}
{'bvid': 'BV14b411B7x8', 'title': '慕容晓晓再唱《<em class="keyword">黄梅戏</em>》，好听依旧。', 'play_count': 522396, 'duration': '3:38', 'author': '最中间最外层最表面', 'description': '今日头条'}
{'bvid': 'BV1NR4y1p7Rw', 'title': '小潘潘<em class="keyword">黄梅戏</em>超清', 'play_count': 519105, 'duration': '5:51', 'author': '账号已注销', 'description': '黄梅戏'}
{'bvid': 'BV1qD4y1c7z7', 'title': '给韩国人反向输出“<em class="keyword">黄梅戏</em>”，奥利给！', 'play_count': 514057, 'duration': '3:3', 'author': '偏偏月下蹁跹', 'description': '素材来自网络，请多多点赞投币\n给韩国人反向输出“黄梅戏”，奥利给！'}
{'bvid': 'BV1ic411t7Gi', 'title': '黄♂梅戏', 'play_count': 502815, 'duration': '2:46', 'author': 'van艺复泄', 'description': '原来你也是个安徽人 那我们肯定是老♂乡\n视频素材:BV13S4y1j7Bc'}
{'bvid': 'BV1E34y1S7yi', 'title': '没完了是吧', 'play_count': 501092, 'duration': '0:19', 'author': '鄙人柳贯一', 'description': '狗子什么时候才能不用砍啊'}
{'bvid': 'BV1Ch411b7mp', 'title': '【文艺复兴|周星驰|<em class="keyword">黄梅戏</em>】谁料皇榜中状元', 'play_count': 493682, 'duration': '4:3', 'author': '九不搭八O_o', 'description': 'bgm:黄梅戏\n歌手:慕容晓晓\n周星驰系列电影'}
{'bvid': 'BV1UL411s768', 'title': '干得漂亮，Cheems', 'play_count': 492184, 'duration': '0:13', 'author': 'HTeufel', 'description': '愤怒的狗子快速地了结了带恶人小潘潘'}
{'bvid': 'BV1pb4y1y7QQ', 'title': '魔改《女驸马》被批评后，网红再次亡羊补牢重唱一遍，你觉得唱得怎么样呢？', 'play_count': 487611, 'duration': '1:52', 'author': '账号已注销', 'description': ''}
{'bvid': 'BV1vA411M7PU', 'title': '慕容晓晓一首《女驸马》又火了，经典<em class="keyword">黄梅戏</em>独树一帜，百听不厌', 'play_count': 470935, 'duration': '3:42', 'author': '网红故事会儿', 'description': '慕容晓晓一首《女驸马》又火了，经典黄梅戏独树一帜，百听不厌'}
{'bvid': 'BV1PU4y1P7bc', 'title': '小潘潘终究还是对西游记下手了', 'play_count': 468624, 'duration': '2:43', 'author': '蛋疼母鸡', 'description': '黄梅戏之后，又对西游记下手了'}
{'bvid': 'BV1gT411p73s', 'title': '⚡黄焖鸡⚡', 'play_count': 464114, 'duration': '2:10', 'author': 'cooikun', 'description': 'bgm:黄梅戏-慕容晓晓\n调音、pv制作:cooikun\n素材均来自于站内'}
